timestamp_utc,carpark,available_spaces,total_spaces,occupancy,status,parking_option,source_last_updated
2025-09-20 13:56:31,Civic,764,928,0.1767,,Short-term,
2025-09-20 13:56:31,Downtown,1138,1944,0.4146,,Short-term,
2025-09-20 13:56:31,Ronwood,525,678,0.2257,,Short-term,
2025-09-20 13:56:31,Toka Puia,393,420,0.0643,,Short-term,
2025-09-20 13:56:31,Victoria Street,666,895,0.2559,,Short-term,
2025-09-20 23:11:29,Civic,614,928,0.3384,,Short-term,
2025-09-20 23:11:29,Downtown,985,1944,0.4933,,Short-term,
2025-09-20 23:11:29,Ronwood,528,678,0.2212,,Short-term,
2025-09-20 23:11:29,Toka Puia,314,420,0.2524,,Short-term,
2025-09-20 23:11:29,Victoria Street,473,895,0.4715,,Short-term,
2025-09-20 23:44:18,Civic,614,928,0.3384,,Short-term,
2025-09-20 23:44:18,Downtown,946,1944,0.5134,,Short-term,
2025-09-20 23:44:18,Ronwood,528,678,0.2212,,Short-term,
2025-09-20 23:44:18,Toka Puia,314,420,0.2524,,Short-term,
2025-09-20 23:44:18,Victoria Street,422,895,0.5285,,Short-term,
2025-09-21 00:46:54,Civic,602,928,0.3513,,Short-term,
2025-09-21 00:46:54,Downtown,804,1944,0.5864,,Short-term,
2025-09-21 00:46:54,Ronwood,528,678,0.2212,,Short-term,
2025-09-21 00:46:54,Toka Puia,308,420,0.2667,,Short-term,
2025-09-21 00:46:54,Victoria Street,368,895,0.5888,,Short-term,
2025-09-21 01:04:43,Civic,601,928,0.3524,,Short-term,
2025-09-21 01:04:43,Downtown,787,1944,0.5952,,Short-term,
2025-09-21 01:04:43,Ronwood,528,678,0.2212,,Short-term,
2025-09-21 01:04:43,Toka Puia,313,420,0.2548,,Short-term,
2025-09-21 01:04:43,Victoria Street,360,895,0.5978,,Short-term,
2025-09-21 03:03:16,Civic,507,928,0.4537,,Short-term,
2025-09-21 03:03:16,Downtown,909,1944,0.5324,,Short-term,
2025-09-21 03:03:16,Ronwood,528,678,0.2212,,Short-term,
2025-09-21 03:03:16,Toka Puia,353,420,0.1595,,Short-term,
2025-09-21 03:03:16,Victoria Street,369,895,0.5877,,Short-term,
2025-09-21 04:15:07,Civic,363,928,0.6088,,Short-term,
2025-09-21 04:15:07,Downtown,1050,1944,0.4599,,Short-term,
2025-09-21 04:15:07,Ronwood,526,678,0.2242,,Short-term,
2025-09-21 04:15:07,Toka Puia,364,420,0.1333,,Short-term,
2025-09-21 04:15:07,Victoria Street,429,895,0.5207,,Short-term,
2025-09-21 05:12:42,Civic,305,928,0.6713,,Short-term,
2025-09-21 05:12:42,Downtown,1114,1944,0.427,,Short-term,
2025-09-21 05:12:42,Ronwood,525,678,0.2257,,Short-term,
2025-09-21 05:12:42,Toka Puia,373,420,0.1119,,Short-term,
2025-09-21 05:12:42,Victoria Street,480,895,0.4637,,Short-term,
2025-09-21 06:18:16,Civic,324,928,0.6509,,Short-term,
2025-09-21 06:18:16,Downtown,1136,1944,0.4156,,Short-term,
2025-09-21 06:18:16,Ronwood,523,678,0.2286,,Short-term,
2025-09-21 06:18:16,Toka Puia,380,420,0.0952,,Short-term,
2025-09-21 06:18:16,Victoria Street,523,895,0.4156,,Short-term,
2025-09-21 07:11:03,Civic,564,928,0.3922,,Short-term,
2025-09-21 07:11:03,Downtown,1168,1944,0.3992,,Short-term,
2025-09-21 07:11:03,Ronwood,523,678,0.2286,,Short-term,
2025-09-21 07:11:03,Toka Puia,384,420,0.0857,,Short-term,
2025-09-21 07:11:03,Victoria Street,541,895,0.3955,,Short-term,
2025-09-21 08:14:31,Civic,680,928,0.2672,,Short-term,
2025-09-21 08:14:31,Downtown,1243,1944,0.3606,,Short-term,
2025-09-21 08:14:31,Ronwood,523,678,0.2286,,Short-term,
2025-09-21 08:14:31,Toka Puia,387,420,0.0786,,Short-term,
2025-09-21 08:14:31,Victoria Street,590,895,0.3408,,Short-term,
2025-09-21 09:11:22,Civic,725,928,0.2188,,Short-term,
2025-09-21 09:11:22,Downtown,1302,1944,0.3302,,Short-term,
2025-09-21 09:11:22,Ronwood,523,678,0.2286,,Short-term,
2025-09-21 09:11:22,Toka Puia,387,420,0.0786,,Short-term,
2025-09-21 09:11:22,Victoria Street,635,895,0.2905,,Short-term,
2025-09-21 10:12:36,Civic,760,928,0.181,,Short-term,
2025-09-21 10:12:36,Downtown,1344,1944,0.3086,,Short-term,
2025-09-21 10:12:36,Ronwood,523,678,0.2286,,Short-term,
2025-09-21 10:12:36,Toka Puia,392,420,0.0667,,Short-term,
2025-09-21 10:12:36,Victoria Street,683,895,0.2369,,Short-term,
2025-09-21 11:09:39,Civic,779,928,0.1606,,Short-term,
2025-09-21 11:09:39,Downtown,1344,1944,0.3086,,Short-term,
2025-09-21 11:09:39,Ronwood,523,678,0.2286,,Short-term,
2025-09-21 11:09:39,Toka Puia,392,420,0.0667,,Short-term,
2025-09-21 11:09:39,Victoria Street,504,895,0.4369,,Short-term,
2025-09-21 12:23:00,Civic,783,928,0.1562,,Short-term,
2025-09-21 12:23:00,Downtown,1344,1944,0.3086,,Short-term,
2025-09-21 12:23:00,Ronwood,523,678,0.2286,,Short-term,
2025-09-21 12:23:00,Toka Puia,394,420,0.0619,,Short-term,
2025-09-21 12:23:00,Victoria Street,507,895,0.4335,,Short-term,
2025-09-21 13:17:57,Civic,783,928,0.1562,,Short-term,
2025-09-21 13:17:57,Downtown,1344,1944,0.3086,,Short-term,
2025-09-21 13:17:57,Ronwood,523,678,0.2286,,Short-term,
2025-09-21 13:17:57,Toka Puia,394,420,0.0619,,Short-term,
2025-09-21 13:17:57,Victoria Street,508,895,0.4324,,Short-term,
2025-09-21 14:10:18,Civic,783,928,0.1562,,Short-term,
2025-09-21 14:10:18,Downtown,1344,1944,0.3086,,Short-term,
2025-09-21 14:10:18,Ronwood,523,678,0.2286,,Short-term,
2025-09-21 14:10:18,Toka Puia,394,420,0.0619,,Short-term,
2025-09-21 14:10:18,Victoria Street,508,895,0.4324,,Short-term,
2025-09-21 15:11:20,Civic,783,928,0.1562,,Short-term,
2025-09-21 15:11:20,Downtown,1344,1944,0.3086,,Short-term,
2025-09-21 15:11:20,Ronwood,523,678,0.2286,,Short-term,
2025-09-21 15:11:20,Toka Puia,394,420,0.0619,,Short-term,
2025-09-21 15:11:20,Victoria Street,508,895,0.4324,,Short-term,
2025-09-21 16:14:10,Civic,783,928,0.1562,,Short-term,
2025-09-21 16:14:10,Downtown,1344,1944,0.3086,,Short-term,
2025-09-21 16:14:10,Ronwood,523,678,0.2286,,Short-term,
2025-09-21 16:14:10,Toka Puia,394,420,0.0619,,Short-term,
2025-09-21 16:14:10,Victoria Street,508,895,0.4324,,Short-term,
2025-09-21 17:10:10,Civic,783,928,0.1562,,Short-term,
2025-09-21 17:10:10,Downtown,1344,1944,0.3086,,Short-term,
2025-09-21 17:10:10,Ronwood,523,678,0.2286,,Short-term,
2025-09-21 17:10:10,Toka Puia,394,420,0.0619,,Short-term,
2025-09-21 17:10:10,Victoria Street,508,895,0.4324,,Short-term,
2025-09-21 18:16:20,Civic,773,928,0.167,,Short-term,
2025-09-21 18:16:20,Downtown,1304,1944,0.3292,,Short-term,
2025-09-21 18:16:20,Ronwood,516,678,0.2389,,Short-term,
2025-09-21 18:16:20,Toka Puia,391,420,0.069,,Short-term,
2025-09-21 18:16:20,Victoria Street,504,895,0.4369,,Short-term,
2025-09-21 19:09:49,Civic,750,928,0.1918,,Short-term,
2025-09-21 19:09:49,Downtown,1252,1944,0.356,,Short-term,
2025-09-21 19:09:49,Ronwood,497,678,0.267,,Short-term,
2025-09-21 19:09:49,Toka Puia,384,420,0.0857,,Short-term,
2025-09-21 19:09:49,Victoria Street,486,895,0.457,,Short-term,
2025-09-21 20:13:36,Civic,699,928,0.2468,,Short-term,
2025-09-21 20:13:36,Downtown,1093,1944,0.4378,,Short-term,
2025-09-21 20:13:36,Ronwood,399,678,0.4115,,Short-term,
2025-09-21 20:13:36,Toka Puia,342,420,0.1857,,Short-term,
2025-09-21 20:13:36,Victoria Street,460,895,0.486,,Short-term,
2025-09-21 21:11:03,Civic,636,928,0.3147,,Short-term,
2025-09-21 21:11:03,Downtown,861,1944,0.5571,,Short-term,
2025-09-21 21:11:03,Ronwood,280,678,0.587,,Short-term,
2025-09-21 21:11:03,Toka Puia,298,420,0.2905,,Short-term,
2025-09-21 21:11:03,Victoria Street,400,895,0.5531,,Short-term,
2025-09-21 22:11:42,Civic,572,928,0.3836,,Short-term,
2025-09-21 22:11:42,Downtown,726,1944,0.6265,,Short-term,
2025-09-21 22:11:42,Ronwood,244,678,0.6401,,Short-term,
2025-09-21 22:11:42,Toka Puia,279,420,0.3357,,Short-term,
2025-09-21 22:11:42,Victoria Street,325,895,0.6369,,Short-term,
2025-09-21 23:11:29,Civic,519,928,0.4407,,Short-term,
2025-09-21 23:11:29,Downtown,632,1944,0.6749,,Short-term,
2025-09-21 23:11:29,Ronwood,246,678,0.6372,,Short-term,
2025-09-21 23:11:29,Toka Puia,275,420,0.3452,,Short-term,
2025-09-21 23:11:29,Victoria Street,268,895,0.7006,,Short-term,
2025-09-22 01:04:19,Civic,477,928,0.486,,Short-term,
2025-09-22 01:04:19,Downtown,538,1944,0.7233,,Short-term,
2025-09-22 01:04:19,Ronwood,253,678,0.6268,,Short-term,
2025-09-22 01:04:19,Toka Puia,278,420,0.3381,,Short-term,
2025-09-22 01:04:19,Victoria Street,221,895,0.7531,,Short-term,
2025-09-22 03:02:54,Civic,523,928,0.4364,,Short-term,
2025-09-22 03:02:54,Downtown,665,1944,0.6579,,Short-term,
2025-09-22 03:02:54,Ronwood,270,678,0.6018,,Short-term,
2025-09-22 03:02:54,Toka Puia,284,420,0.3238,,Short-term,
2025-09-22 03:02:54,Victoria Street,269,895,0.6994,,Short-term,
2025-09-22 04:16:08,Civic,627,928,0.3244,,Short-term,
2025-09-22 04:16:08,Downtown,852,1944,0.5617,,Short-term,
2025-09-22 04:16:08,Ronwood,346,678,0.4897,,Short-term,
2025-09-22 04:16:08,Toka Puia,315,420,0.25,,Short-term,
2025-09-22 04:16:08,Victoria Street,316,895,0.6469,,Short-term,
2025-09-22 05:13:29,Civic,680,928,0.2672,,Short-term,
2025-09-22 05:13:29,Downtown,1011,1944,0.4799,,Short-term,
2025-09-22 05:13:29,Ronwood,442,678,0.3481,,Short-term,
2025-09-22 05:13:29,Toka Puia,350,420,0.1667,,Short-term,
2025-09-22 05:13:29,Victoria Street,369,895,0.5877,,Short-term,
2025-09-22 06:21:09,Civic,718,928,0.2263,,Short-term,
2025-09-22 06:21:09,Downtown,1130,1944,0.4187,,Short-term,
2025-09-22 06:21:09,Ronwood,500,678,0.2625,,Short-term,
2025-09-22 06:21:09,Toka Puia,382,420,0.0905,,Short-term,
2025-09-22 06:21:09,Victoria Street,385,895,0.5698,,Short-term,
2025-09-22 07:14:02,Civic,736,928,0.2069,,Short-term,
2025-09-22 07:14:02,Downtown,1141,1944,0.4131,,Short-term,
2025-09-22 07:14:02,Ronwood,520,678,0.233,,Short-term,
2025-09-22 07:14:02,Toka Puia,391,420,0.069,,Short-term,
2025-09-22 07:14:02,Victoria Street,410,895,0.5419,,Short-term,
2025-09-22 08:18:50,Civic,754,928,0.1875,,Short-term,
2025-09-22 08:18:50,Downtown,1197,1944,0.3843,,Short-term,
2025-09-22 08:18:50,Ronwood,524,678,0.2271,,Short-term,
2025-09-22 08:18:50,Toka Puia,391,420,0.069,,Short-term,
2025-09-22 08:18:50,Victoria Street,449,895,0.4983,,Short-term,
2025-09-22 09:16:03,Civic,763,928,0.1778,,Short-term,
2025-09-22 09:16:03,Downtown,1262,1944,0.3508,,Short-term,
2025-09-22 09:16:03,Ronwood,524,678,0.2271,,Short-term,
2025-09-22 09:16:03,Toka Puia,394,420,0.0619,,Short-term,
2025-09-22 09:16:03,Victoria Street,483,895,0.4603,,Short-term,
2025-09-22 10:15:15,Civic,770,928,0.1703,,Short-term,
2025-09-22 10:15:15,Downtown,1316,1944,0.323,,Short-term,
2025-09-22 10:15:15,Ronwood,524,678,0.2271,,Short-term,
2025-09-22 10:15:15,Toka Puia,395,420,0.0595,,Short-term,
2025-09-22 10:15:15,Victoria Street,510,895,0.4302,,Short-term,
2025-09-22 11:11:50,Civic,778,928,0.1616,,Short-term,
2025-09-22 11:11:50,Downtown,1333,1944,0.3143,,Short-term,
2025-09-22 11:11:50,Ronwood,524,678,0.2271,,Short-term,
2025-09-22 11:11:50,Toka Puia,395,420,0.0595,,Short-term,
2025-09-22 11:11:50,Victoria Street,517,895,0.4223,,Short-term,
2025-09-22 12:27:00,Civic,791,928,0.1476,,Short-term,
2025-09-22 12:27:00,Downtown,1344,1944,0.3086,,Short-term,
2025-09-22 12:27:00,Ronwood,524,678,0.2271,,Short-term,
2025-09-22 12:27:00,Toka Puia,395,420,0.0595,,Short-term,
2025-09-22 12:27:00,Victoria Street,521,895,0.4179,,Short-term,
2025-09-22 13:24:22,Civic,791,928,0.1476,,Short-term,
2025-09-22 13:24:22,Downtown,1344,1944,0.3086,,Short-term,
2025-09-22 13:24:22,Ronwood,524,678,0.2271,,Short-term,
2025-09-22 13:24:22,Toka Puia,395,420,0.0595,,Short-term,
2025-09-22 13:24:22,Victoria Street,521,895,0.4179,,Short-term,
2025-09-22 14:14:21,Civic,791,928,0.1476,,Short-term,
2025-09-22 14:14:21,Downtown,1344,1944,0.3086,,Short-term,
2025-09-22 14:14:21,Ronwood,524,678,0.2271,,Short-term,
2025-09-22 14:14:21,Toka Puia,395,420,0.0595,,Short-term,
2025-09-22 14:14:21,Victoria Street,521,895,0.4179,,Short-term,
2025-09-22 15:14:47,Civic,791,928,0.1476,,Short-term,
2025-09-22 15:14:47,Downtown,1344,1944,0.3086,,Short-term,
2025-09-22 15:14:47,Ronwood,524,678,0.2271,,Short-term,
2025-09-22 15:14:47,Toka Puia,395,420,0.0595,,Short-term,
2025-09-22 15:14:47,Victoria Street,521,895,0.4179,,Short-term,
2025-09-22 16:16:10,Civic,791,928,0.1476,,Short-term,
2025-09-22 16:16:10,Downtown,1344,1944,0.3086,,Short-term,
2025-09-22 16:16:10,Ronwood,524,678,0.2271,,Short-term,
2025-09-22 16:16:10,Toka Puia,395,420,0.0595,,Short-term,
2025-09-22 16:16:10,Victoria Street,521,895,0.4179,,Short-term,
2025-09-22 17:11:29,Civic,791,928,0.1476,,Short-term,
2025-09-22 17:11:29,Downtown,1344,1944,0.3086,,Short-term,
2025-09-22 17:11:29,Ronwood,524,678,0.2271,,Short-term,
2025-09-22 17:11:29,Toka Puia,395,420,0.0595,,Short-term,
2025-09-22 17:11:29,Victoria Street,521,895,0.4179,,Short-term,
2025-09-22 18:18:49,Civic,782,928,0.1573,,Short-term,
2025-09-22 18:18:49,Downtown,1296,1944,0.3333,,Short-term,
2025-09-22 18:18:49,Ronwood,515,678,0.2404,,Short-term,
2025-09-22 18:18:49,Toka Puia,389,420,0.0738,,Short-term,
2025-09-22 18:18:49,Victoria Street,517,895,0.4223,,Short-term,
2025-09-22 19:10:46,Civic,750,928,0.1918,,Short-term,
2025-09-22 19:10:46,Downtown,1219,1944,0.3729,,Short-term,
2025-09-22 19:10:46,Ronwood,489,678,0.2788,,Short-term,
2025-09-22 19:10:46,Toka Puia,382,420,0.0905,,Short-term,
2025-09-22 19:10:46,Victoria Street,502,895,0.4391,,Short-term,
2025-09-22 20:14:16,Civic,681,928,0.2662,,Short-term,
2025-09-22 20:14:16,Downtown,1031,1944,0.4697,,Short-term,
2025-09-22 20:14:16,Ronwood,355,678,0.4764,,Short-term,
2025-09-22 20:14:16,Toka Puia,338,420,0.1952,,Short-term,
2025-09-22 20:14:16,Victoria Street,462,895,0.4838,,Short-term,
2025-09-22 21:11:35,Civic,601,928,0.3524,,Short-term,
2025-09-22 21:11:35,Downtown,810,1944,0.5833,,Short-term,
2025-09-22 21:11:35,Ronwood,222,678,0.6726,,Short-term,
2025-09-22 21:11:35,Toka Puia,298,420,0.2905,,Short-term,
2025-09-22 21:11:35,Victoria Street,412,895,0.5397,,Short-term,
2025-09-22 22:12:17,Civic,479,928,0.4838,,Short-term,
2025-09-22 22:12:17,Downtown,621,1944,0.6806,,Short-term,
2025-09-22 22:12:17,Ronwood,171,678,0.7478,,Short-term,
2025-09-22 22:12:17,Toka Puia,271,420,0.3548,,Short-term,
2025-09-22 22:12:17,Victoria Street,323,895,0.6391,,Short-term,
2025-09-22 23:11:52,Civic,418,928,0.5496,,Short-term,
2025-09-22 23:11:52,Downtown,525,1944,0.7299,,Short-term,
2025-09-22 23:11:52,Ronwood,171,678,0.7478,,Short-term,
2025-09-22 23:11:52,Toka Puia,272,420,0.3524,,Short-term,
2025-09-22 23:11:52,Victoria Street,235,895,0.7374,,Short-term,
2025-09-23 00:58:33,Civic,411,928,0.5571,,Short-term,
2025-09-23 00:58:33,Downtown,431,1944,0.7783,,Short-term,
2025-09-23 00:58:33,Ronwood,192,678,0.7168,,Short-term,
2025-09-23 00:58:33,Toka Puia,267,420,0.3643,,Short-term,
2025-09-23 00:58:33,Victoria Street,160,895,0.8212,,Short-term,
2025-09-23 02:20:50,Civic,471,928,0.4925,,Short-term,
2025-09-23 02:20:50,Downtown,490,1944,0.7479,,Short-term,
2025-09-23 02:20:50,Ronwood,214,678,0.6844,,Short-term,
2025-09-23 02:20:50,Toka Puia,274,420,0.3476,,Short-term,
2025-09-23 02:20:50,Victoria Street,176,895,0.8034,,Short-term,
2025-09-23 03:26:23,Civic,520,928,0.4397,,Short-term,
2025-09-23 03:26:23,Downtown,679,1944,0.6507,,Short-term,
2025-09-23 03:26:23,Ronwood,256,678,0.6224,,Short-term,
2025-09-23 03:26:23,Toka Puia,290,420,0.3095,,Short-term,
2025-09-23 03:26:23,Victoria Street,243,895,0.7285,,Short-term,
2025-09-23 04:15:54,Civic,554,928,0.403,,Short-term,
2025-09-23 04:15:54,Downtown,793,1944,0.5921,,Short-term,
2025-09-23 04:15:54,Ronwood,317,678,0.5324,,Short-term,
2025-09-23 04:15:54,Toka Puia,312,420,0.2571,,Short-term,
2025-09-23 04:15:54,Victoria Street,305,895,0.6592,,Short-term,
2025-09-23 05:12:58,Civic,593,928,0.361,,Short-term,
2025-09-23 05:12:58,Downtown,925,1944,0.5242,,Short-term,
2025-09-23 05:12:58,Ronwood,410,678,0.3953,,Short-term,
2025-09-23 05:12:58,Toka Puia,356,420,0.1524,,Short-term,
2025-09-23 05:12:58,Victoria Street,336,895,0.6246,,Short-term,
2025-09-23 06:20:34,Civic,450,928,0.5151,,Short-term,
2025-09-23 06:20:34,Downtown,1005,1944,0.483,,Short-term,
2025-09-23 06:20:34,Ronwood,487,678,0.2817,,Short-term,
2025-09-23 06:20:34,Toka Puia,384,420,0.0857,,Short-term,
2025-09-23 06:20:34,Victoria Street,342,895,0.6179,,Short-term,
2025-09-23 07:13:49,Civic,344,928,0.6293,,Short-term,
2025-09-23 07:13:49,Downtown,1087,1944,0.4408,,Short-term,
2025-09-23 07:13:49,Ronwood,510,678,0.2478,,Short-term,
2025-09-23 07:13:49,Toka Puia,390,420,0.0714,,Short-term,
2025-09-23 07:13:49,Victoria Street,341,895,0.619,,Short-term,
2025-09-23 08:17:49,Civic,429,928,0.5377,,Short-term,
2025-09-23 08:17:49,Downtown,1164,1944,0.4012,,Short-term,
2025-09-23 08:17:49,Ronwood,518,678,0.236,,Short-term,
2025-09-23 08:17:49,Toka Puia,390,420,0.0714,,Short-term,
2025-09-23 08:17:49,Victoria Street,404,895,0.5486,,Short-term,
2025-09-23 09:14:38,Civic,549,928,0.4084,,Short-term,
2025-09-23 09:14:38,Downtown,1258,1944,0.3529,,Short-term,
2025-09-23 09:14:38,Ronwood,518,678,0.236,,Short-term,
2025-09-23 09:14:38,Toka Puia,394,420,0.0619,,Short-term,
2025-09-23 09:14:38,Victoria Street,474,895,0.4704,,Short-term,
2025-09-23 10:13:44,Civic,695,928,0.2511,,Short-term,
2025-09-23 10:13:44,Downtown,1321,1944,0.3205,,Short-term,
2025-09-23 10:13:44,Ronwood,518,678,0.236,,Short-term,
2025-09-23 10:13:44,Toka Puia,395,420,0.0595,,Short-term,
2025-09-23 10:13:44,Victoria Street,516,895,0.4235,,Short-term,
2025-09-23 11:10:54,Civic,759,928,0.1821,,Short-term,
2025-09-23 11:10:54,Downtown,1339,1944,0.3112,,Short-term,
2025-09-23 11:10:54,Ronwood,518,678,0.236,,Short-term,
2025-09-23 11:10:54,Toka Puia,395,420,0.0595,,Short-term,
2025-09-23 11:10:54,Victoria Street,537,895,0.4,,Short-term,
2025-09-23 12:25:48,Civic,780,928,0.1595,,Short-term,
2025-09-23 12:25:48,Downtown,1344,1944,0.3086,,Short-term,
2025-09-23 12:25:48,Ronwood,518,678,0.236,,Short-term,
2025-09-23 12:25:48,Toka Puia,395,420,0.0595,,Short-term,
2025-09-23 12:25:48,Victoria Street,554,895,0.381,,Short-term,
2025-09-23 13:23:36,Civic,781,928,0.1584,,Short-term,
2025-09-23 13:23:36,Downtown,1344,1944,0.3086,,Short-term,
2025-09-23 13:23:36,Ronwood,518,678,0.236,,Short-term,
2025-09-23 13:23:36,Toka Puia,395,420,0.0595,,Short-term,
2025-09-23 13:23:36,Victoria Street,556,895,0.3788,,Short-term,
2025-09-23 14:13:39,Civic,781,928,0.1584,,Short-term,
2025-09-23 14:13:39,Downtown,1344,1944,0.3086,,Short-term,
2025-09-23 14:13:39,Ronwood,518,678,0.236,,Short-term,
2025-09-23 14:13:39,Toka Puia,395,420,0.0595,,Short-term,
2025-09-23 14:13:39,Victoria Street,557,895,0.3777,,Short-term,
2025-09-23 15:13:57,Civic,781,928,0.1584,,Short-term,
2025-09-23 15:13:57,Downtown,1344,1944,0.3086,,Short-term,
2025-09-23 15:13:57,Ronwood,518,678,0.236,,Short-term,
2025-09-23 15:13:57,Toka Puia,395,420,0.0595,,Short-term,
2025-09-23 15:13:57,Victoria Street,557,895,0.3777,,Short-term,
2025-09-23 16:16:29,Civic,781,928,0.1584,,Short-term,
2025-09-23 16:16:29,Downtown,1344,1944,0.3086,,Short-term,
2025-09-23 16:16:29,Ronwood,518,678,0.236,,Short-term,
2025-09-23 16:16:29,Toka Puia,395,420,0.0595,,Short-term,
2025-09-23 16:16:29,Victoria Street,557,895,0.3777,,Short-term,
2025-09-23 17:10:06,Civic,781,928,0.1584,,Short-term,
2025-09-23 17:10:06,Downtown,1344,1944,0.3086,,Short-term,
2025-09-23 17:10:06,Ronwood,518,678,0.236,,Short-term,
2025-09-23 17:10:06,Toka Puia,395,420,0.0595,,Short-term,
2025-09-23 17:10:06,Victoria Street,557,895,0.3777,,Short-term,
2025-09-23 18:19:27,Civic,771,928,0.1692,,Short-term,
2025-09-23 18:19:27,Downtown,1310,1944,0.3261,,Short-term,
2025-09-23 18:19:27,Ronwood,510,678,0.2478,,Short-term,
2025-09-23 18:19:27,Toka Puia,391,420,0.069,,Short-term,
2025-09-23 18:19:27,Victoria Street,553,895,0.3821,,Short-term,
2025-09-23 19:10:40,Civic,739,928,0.2037,,Short-term,
2025-09-23 19:10:40,Downtown,1248,1944,0.358,,Short-term,
2025-09-23 19:10:40,Ronwood,480,678,0.292,,Short-term,
2025-09-23 19:10:40,Toka Puia,387,420,0.0786,,Short-term,
2025-09-23 19:10:40,Victoria Street,538,895,0.3989,,Short-term,
2025-09-23 20:14:31,Civic,669,928,0.2791,,Short-term,
2025-09-23 20:14:31,Downtown,1050,1944,0.4599,,Short-term,
2025-09-23 20:14:31,Ronwood,370,678,0.4543,,Short-term,
2025-09-23 20:14:31,Toka Puia,340,420,0.1905,,Short-term,
2025-09-23 20:14:31,Victoria Street,493,895,0.4492,,Short-term,
2025-09-23 21:11:24,Civic,592,928,0.3621,,Short-term,
2025-09-23 21:11:24,Downtown,817,1944,0.5797,,Short-term,
2025-09-23 21:11:24,Ronwood,245,678,0.6386,,Short-term,
2025-09-23 21:11:24,Toka Puia,288,420,0.3143,,Short-term,
2025-09-23 21:11:24,Victoria Street,436,895,0.5128,,Short-term,
2025-09-23 22:12:03,Civic,433,928,0.5334,,Short-term,
2025-09-23 22:12:03,Downtown,598,1944,0.6924,,Short-term,
2025-09-23 22:12:03,Ronwood,199,678,0.7065,,Short-term,
2025-09-23 22:12:03,Toka Puia,246,420,0.4143,,Short-term,
2025-09-23 22:12:03,Victoria Street,323,895,0.6391,,Short-term,
2025-09-23 23:11:27,Civic,372,928,0.5991,,Short-term,
2025-09-23 23:11:27,Downtown,457,1944,0.7649,,Short-term,
2025-09-23 23:11:27,Ronwood,191,678,0.7183,,Short-term,
2025-09-23 23:11:27,Toka Puia,240,420,0.4286,,Short-term,
2025-09-23 23:11:27,Victoria Street,237,895,0.7352,,Short-term,
2025-09-24 00:59:35,Civic,401,928,0.5679,,Short-term,
2025-09-24 00:59:35,Downtown,353,1944,0.8184,,Short-term,
2025-09-24 00:59:35,Ronwood,209,678,0.6917,,Short-term,
2025-09-24 00:59:35,Toka Puia,245,420,0.4167,,Short-term,
2025-09-24 00:59:35,Victoria Street,189,895,0.7888,,Short-term,
2025-09-24 02:23:14,Civic,435,928,0.5312,,Short-term,
2025-09-24 02:23:14,Downtown,468,1944,0.7593,,Short-term,
2025-09-24 02:23:14,Ronwood,216,678,0.6814,,Short-term,
2025-09-24 02:23:14,Toka Puia,258,420,0.3857,,Short-term,
2025-09-24 02:23:14,Victoria Street,224,895,0.7497,,Short-term,
2025-09-24 03:27:32,Civic,484,928,0.4784,,Short-term,
2025-09-24 03:27:32,Downtown,619,1944,0.6816,,Short-term,
2025-09-24 03:27:32,Ronwood,260,678,0.6165,,Short-term,
2025-09-24 03:27:32,Toka Puia,283,420,0.3262,,Short-term,
2025-09-24 03:27:32,Victoria Street,275,895,0.6927,,Short-term,
2025-09-24 04:15:51,Civic,579,928,0.3761,,Short-term,
2025-09-24 04:15:51,Downtown,737,1944,0.6209,,Short-term,
2025-09-24 04:15:51,Ronwood,309,678,0.5442,,Short-term,
2025-09-24 04:15:51,Toka Puia,314,420,0.2524,,Short-term,
2025-09-24 04:15:51,Victoria Street,317,895,0.6458,,Short-term,
2025-09-24 05:13:03,Civic,629,928,0.3222,,Short-term,
2025-09-24 05:13:03,Downtown,860,1944,0.5576,,Short-term,
2025-09-24 05:13:03,Ronwood,400,678,0.41,,Short-term,
2025-09-24 05:13:03,Toka Puia,357,420,0.15,,Short-term,
2025-09-24 05:13:03,Victoria Street,371,895,0.5855,,Short-term,
2025-09-24 06:20:07,Civic,582,928,0.3728,,Short-term,
2025-09-24 06:20:07,Downtown,947,1944,0.5129,,Short-term,
2025-09-24 06:20:07,Ronwood,477,678,0.2965,,Short-term,
2025-09-24 06:20:07,Toka Puia,386,420,0.081,,Short-term,
2025-09-24 06:20:07,Victoria Street,395,895,0.5587,,Short-term,
2025-09-24 07:13:40,Civic,511,928,0.4494,,Short-term,
2025-09-24 07:13:40,Downtown,976,1944,0.4979,,Short-term,
2025-09-24 07:13:40,Ronwood,508,678,0.2507,,Short-term,
2025-09-24 07:13:40,Toka Puia,387,420,0.0786,,Short-term,
2025-09-24 07:13:40,Victoria Street,397,895,0.5564,,Short-term,
2025-09-24 08:18:07,Civic,497,928,0.4644,,Short-term,
2025-09-24 08:18:07,Downtown,1089,1944,0.4398,,Short-term,
2025-09-24 08:18:07,Ronwood,511,678,0.2463,,Short-term,
2025-09-24 08:18:07,Toka Puia,389,420,0.0738,,Short-term,
2025-09-24 08:18:07,Victoria Street,459,895,0.4872,,Short-term,
2025-09-24 09:14:37,Civic,527,928,0.4321,,Short-term,
2025-09-24 09:14:37,Downtown,1175,1944,0.3956,,Short-term,
2025-09-24 09:14:37,Ronwood,512,678,0.2448,,Short-term,
2025-09-24 09:14:37,Toka Puia,395,420,0.0595,,Short-term,
2025-09-24 09:14:37,Victoria Street,509,895,0.4313,,Short-term,
2025-09-24 10:13:53,Civic,677,928,0.2705,,Short-term,
2025-09-24 10:13:53,Downtown,1289,1944,0.3369,,Short-term,
2025-09-24 10:13:53,Ronwood,512,678,0.2448,,Short-term,
2025-09-24 10:13:53,Toka Puia,395,420,0.0595,,Short-term,
2025-09-24 10:13:53,Victoria Street,560,895,0.3743,,Short-term,
2025-09-24 11:11:07,Civic,735,928,0.208,,Short-term,
2025-09-24 11:11:07,Downtown,1326,1944,0.3179,,Short-term,
2025-09-24 11:11:07,Ronwood,512,678,0.2448,,Short-term,
2025-09-24 11:11:07,Toka Puia,395,420,0.0595,,Short-term,
2025-09-24 11:11:07,Victoria Street,577,895,0.3553,,Short-term,
2025-09-24 12:26:27,Civic,771,928,0.1692,,Short-term,
2025-09-24 12:26:27,Downtown,1338,1944,0.3117,,Short-term,
2025-09-24 12:26:27,Ronwood,512,678,0.2448,,Short-term,
2025-09-24 12:26:27,Toka Puia,395,420,0.0595,,Short-term,
2025-09-24 12:26:27,Victoria Street,588,895,0.343,,Short-term,
2025-09-24 13:23:37,Civic,774,928,0.1659,,Short-term,
2025-09-24 13:23:37,Downtown,1339,1944,0.3112,,Short-term,
2025-09-24 13:23:37,Ronwood,512,678,0.2448,,Short-term,
2025-09-24 13:23:37,Toka Puia,395,420,0.0595,,Short-term,
2025-09-24 13:23:37,Victoria Street,590,895,0.3408,,Short-term,
2025-09-24 14:11:49,Civic,774,928,0.1659,,Short-term,
2025-09-24 14:11:49,Downtown,1339,1944,0.3112,,Short-term,
2025-09-24 14:11:49,Ronwood,512,678,0.2448,,Short-term,
2025-09-24 14:11:49,Toka Puia,395,420,0.0595,,Short-term,
2025-09-24 14:11:49,Victoria Street,590,895,0.3408,,Short-term,
2025-09-24 15:13:56,Civic,774,928,0.1659,,Short-term,
2025-09-24 15:13:56,Downtown,1339,1944,0.3112,,Short-term,
2025-09-24 15:13:56,Ronwood,512,678,0.2448,,Short-term,
2025-09-24 15:13:56,Toka Puia,395,420,0.0595,,Short-term,
2025-09-24 15:13:56,Victoria Street,590,895,0.3408,,Short-term,
2025-09-24 16:16:49,Civic,774,928,0.1659,,Short-term,
2025-09-24 16:16:49,Downtown,1339,1944,0.3112,,Short-term,
2025-09-24 16:16:49,Ronwood,512,678,0.2448,,Short-term,
2025-09-24 16:16:49,Toka Puia,395,420,0.0595,,Short-term,
2025-09-24 16:16:49,Victoria Street,590,895,0.3408,,Short-term,
2025-09-24 17:12:05,Civic,774,928,0.1659,,Short-term,
2025-09-24 17:12:05,Downtown,1339,1944,0.3112,,Short-term,
2025-09-24 17:12:05,Ronwood,512,678,0.2448,,Short-term,
2025-09-24 17:12:05,Toka Puia,395,420,0.0595,,Short-term,
2025-09-24 17:12:05,Victoria Street,590,895,0.3408,,Short-term,
2025-09-24 18:18:44,Civic,768,928,0.1724,,Short-term,
2025-09-24 18:18:44,Downtown,1302,1944,0.3302,,Short-term,
2025-09-24 18:18:44,Ronwood,510,678,0.2478,,Short-term,
2025-09-24 18:18:44,Toka Puia,391,420,0.069,,Short-term,
2025-09-24 18:18:44,Victoria Street,586,895,0.3453,,Short-term,
2025-09-24 19:10:42,Civic,728,928,0.2155,,Short-term,
2025-09-24 19:10:42,Downtown,1222,1944,0.3714,,Short-term,
2025-09-24 19:10:42,Ronwood,497,678,0.267,,Short-term,
2025-09-24 19:10:42,Toka Puia,387,420,0.0786,,Short-term,
2025-09-24 19:10:42,Victoria Street,570,895,0.3631,,Short-term,
2025-09-24 20:14:42,Civic,668,928,0.2802,,Short-term,
2025-09-24 20:14:42,Downtown,1043,1944,0.4635,,Short-term,
2025-09-24 20:14:42,Ronwood,395,678,0.4174,,Short-term,
2025-09-24 20:14:42,Toka Puia,351,420,0.1643,,Short-term,
2025-09-24 20:14:42,Victoria Street,527,895,0.4112,,Short-term,
2025-09-24 21:11:34,Civic,587,928,0.3675,,Short-term,
2025-09-24 21:11:34,Downtown,779,1944,0.5993,,Short-term,
2025-09-24 21:11:34,Ronwood,291,678,0.5708,,Short-term,
2025-09-24 21:11:34,Toka Puia,321,420,0.2357,,Short-term,
2025-09-24 21:11:34,Victoria Street,473,895,0.4715,,Short-term,
2025-09-24 22:13:08,Civic,453,928,0.5119,,Short-term,
2025-09-24 22:13:08,Downtown,549,1944,0.7176,,Short-term,
2025-09-24 22:13:08,Ronwood,269,678,0.6032,,Short-term,
2025-09-24 22:13:08,Toka Puia,299,420,0.2881,,Short-term,
2025-09-24 22:13:08,Victoria Street,378,895,0.5777,,Short-term,
2025-09-24 23:12:16,Civic,377,928,0.5938,,Short-term,
2025-09-24 23:12:16,Downtown,455,1944,0.7659,,Short-term,
2025-09-24 23:12:16,Ronwood,268,678,0.6047,,Short-term,
2025-09-24 23:12:16,Toka Puia,294,420,0.3,,Short-term,
2025-09-24 23:12:16,Victoria Street,301,895,0.6637,,Short-term,
2025-09-25 00:59:44,Civic,384,928,0.5862,,Short-term,
2025-09-25 00:59:44,Downtown,334,1944,0.8282,,Short-term,
2025-09-25 00:59:44,Ronwood,255,678,0.6239,,Short-term,
2025-09-25 00:59:44,Toka Puia,300,420,0.2857,,Short-term,
2025-09-25 00:59:44,Victoria Street,266,895,0.7028,,Short-term,
2025-09-25 02:25:18,Civic,421,928,0.5463,,Short-term,
2025-09-25 02:25:18,Downtown,409,1944,0.7896,,Short-term,
2025-09-25 02:25:18,Ronwood,262,678,0.6136,,Short-term,
2025-09-25 02:25:18,Toka Puia,301,420,0.2833,,Short-term,
2025-09-25 02:25:18,Victoria Street,287,895,0.6793,,Short-term,
2025-09-25 03:30:59,Civic,508,928,0.4526,,Short-term,
2025-09-25 03:30:59,Downtown,577,1944,0.7032,,Short-term,
2025-09-25 03:30:59,Ronwood,297,678,0.5619,,Short-term,
2025-09-25 03:30:59,Toka Puia,304,420,0.2762,,Short-term,
2025-09-25 03:30:59,Victoria Street,348,895,0.6112,,Short-term,
2025-09-25 04:15:57,Civic,561,928,0.3955,,Short-term,
2025-09-25 04:15:57,Downtown,717,1944,0.6312,,Short-term,
2025-09-25 04:15:57,Ronwood,337,678,0.5029,,Short-term,
2025-09-25 04:15:57,Toka Puia,322,420,0.2333,,Short-term,
2025-09-25 04:15:57,Victoria Street,401,895,0.552,,Short-term,
2025-09-25 05:13:19,Civic,597,928,0.3567,,Short-term,
2025-09-25 05:13:19,Downtown,856,1944,0.5597,,Short-term,
2025-09-25 05:13:19,Ronwood,428,678,0.3687,,Short-term,
2025-09-25 05:13:19,Toka Puia,359,420,0.1452,,Short-term,
2025-09-25 05:13:19,Victoria Street,453,895,0.4939,,Short-term,
2025-09-25 06:20:45,Civic,428,928,0.5388,,Short-term,
2025-09-25 06:20:45,Downtown,913,1944,0.5303,,Short-term,
2025-09-25 06:20:45,Ronwood,497,678,0.267,,Short-term,
2025-09-25 06:20:45,Toka Puia,378,420,0.1,,Short-term,
2025-09-25 06:20:45,Victoria Street,431,895,0.5184,,Short-term,
2025-09-25 07:13:48,Civic,163,928,0.8244,,Short-term,
2025-09-25 07:13:48,Downtown,935,1944,0.519,,Short-term,
2025-09-25 07:13:48,Ronwood,512,678,0.2448,,Short-term,
2025-09-25 07:13:48,Toka Puia,388,420,0.0762,,Short-term,
2025-09-25 07:13:48,Victoria Street,411,895,0.5408,,Short-term,
2025-09-25 08:17:58,Civic,137,928,0.8524,,Short-term,
2025-09-25 08:17:58,Downtown,1031,1944,0.4697,,Short-term,
2025-09-25 08:17:58,Ronwood,519,678,0.2345,,Short-term,
2025-09-25 08:17:58,Toka Puia,395,420,0.0595,,Short-term,
2025-09-25 08:17:58,Victoria Street,443,895,0.505,,Short-term,
2025-09-25 09:14:07,Civic,214,928,0.7694,,Short-term,
2025-09-25 09:14:07,Downtown,1136,1944,0.4156,,Short-term,
2025-09-25 09:14:07,Ronwood,519,678,0.2345,,Short-term,
2025-09-25 09:14:07,Toka Puia,395,420,0.0595,,Short-term,
2025-09-25 09:14:07,Victoria Street,510,895,0.4302,,Short-term,
2025-09-25 10:14:07,Civic,602,928,0.3513,,Short-term,
2025-09-25 10:14:07,Downtown,1248,1944,0.358,,Short-term,
2025-09-25 10:14:07,Ronwood,520,678,0.233,,Short-term,
2025-09-25 10:14:07,Toka Puia,395,420,0.0595,,Short-term,
2025-09-25 10:14:07,Victoria Street,583,895,0.3486,,Short-term,
2025-09-25 11:12:26,Civic,721,928,0.2231,,Short-term,
2025-09-25 11:12:26,Downtown,1301,1944,0.3308,,Short-term,
2025-09-25 11:12:26,Ronwood,520,678,0.233,,Short-term,
2025-09-25 11:12:26,Toka Puia,395,420,0.0595,,Short-term,
2025-09-25 11:12:26,Victoria Street,595,895,0.3352,,Short-term,
2025-09-25 12:27:09,Civic,762,928,0.1789,,Short-term,
2025-09-25 12:27:09,Downtown,1332,1944,0.3148,,Short-term,
2025-09-25 12:27:09,Ronwood,520,678,0.233,,Short-term,
2025-09-25 12:27:09,Toka Puia,395,420,0.0595,,Short-term,
2025-09-25 12:27:09,Victoria Street,595,895,0.3352,,Short-term,
2025-09-25 13:24:52,Civic,764,928,0.1767,,Short-term,
2025-09-25 13:24:52,Downtown,1341,1944,0.3102,,Short-term,
2025-09-25 13:24:52,Ronwood,520,678,0.233,,Short-term,
2025-09-25 13:24:52,Toka Puia,395,420,0.0595,,Short-term,
2025-09-25 13:24:52,Victoria Street,595,895,0.3352,,Short-term,
2025-09-25 14:13:49,Civic,764,928,0.1767,,Short-term,
2025-09-25 14:13:49,Downtown,1342,1944,0.3097,,Short-term,
2025-09-25 14:13:49,Ronwood,520,678,0.233,,Short-term,
2025-09-25 14:13:49,Toka Puia,395,420,0.0595,,Short-term,
2025-09-25 14:13:49,Victoria Street,595,895,0.3352,,Short-term,
2025-09-25 15:14:24,Civic,764,928,0.1767,,Short-term,
2025-09-25 15:14:24,Downtown,1344,1944,0.3086,,Short-term,
2025-09-25 15:14:24,Ronwood,520,678,0.233,,Short-term,
2025-09-25 15:14:24,Toka Puia,395,420,0.0595,,Short-term,
2025-09-25 15:14:24,Victoria Street,595,895,0.3352,,Short-term,
2025-09-25 16:16:01,Civic,764,928,0.1767,,Short-term,
2025-09-25 16:16:01,Downtown,1344,1944,0.3086,,Short-term,
2025-09-25 16:16:01,Ronwood,520,678,0.233,,Short-term,
2025-09-25 16:16:01,Toka Puia,395,420,0.0595,,Short-term,
2025-09-25 16:16:01,Victoria Street,595,895,0.3352,,Short-term,
2025-09-25 17:11:51,Civic,764,928,0.1767,,Short-term,
2025-09-25 17:11:51,Downtown,1344,1944,0.3086,,Short-term,
2025-09-25 17:11:51,Ronwood,520,678,0.233,,Short-term,
2025-09-25 17:11:51,Toka Puia,395,420,0.0595,,Short-term,
2025-09-25 17:11:51,Victoria Street,595,895,0.3352,,Short-term,
2025-09-25 18:19:33,Civic,761,928,0.18,,Short-term,
2025-09-25 18:19:33,Downtown,1314,1944,0.3241,,Short-term,
2025-09-25 18:19:33,Ronwood,515,678,0.2404,,Short-term,
2025-09-25 18:19:33,Toka Puia,390,420,0.0714,,Short-term,
2025-09-25 18:19:33,Victoria Street,588,895,0.343,,Short-term,
2025-09-25 19:10:52,Civic,738,928,0.2047,,Short-term,
2025-09-25 19:10:52,Downtown,1245,1944,0.3596,,Short-term,
2025-09-25 19:10:52,Ronwood,505,678,0.2552,,Short-term,
2025-09-25 19:10:52,Toka Puia,388,420,0.0762,,Short-term,
2025-09-25 19:10:52,Victoria Street,574,895,0.3587,,Short-term,
2025-09-25 20:14:45,Civic,694,928,0.2522,,Short-term,
2025-09-25 20:14:45,Downtown,1071,1944,0.4491,,Short-term,
2025-09-25 20:14:45,Ronwood,435,678,0.3584,,Short-term,
2025-09-25 20:14:45,Toka Puia,347,420,0.1738,,Short-term,
2025-09-25 20:14:45,Victoria Street,525,895,0.4134,,Short-term,
2025-09-25 21:11:42,Civic,643,928,0.3071,,Short-term,
2025-09-25 21:11:42,Downtown,869,1944,0.553,,Short-term,
2025-09-25 21:11:42,Ronwood,367,678,0.4587,,Short-term,
2025-09-25 21:11:42,Toka Puia,323,420,0.231,,Short-term,
2025-09-25 21:11:42,Victoria Street,472,895,0.4726,,Short-term,
2025-09-25 22:10:41,Civic,564,928,0.3922,,Short-term,
2025-09-25 22:10:41,Downtown,711,1944,0.6343,,Short-term,
2025-09-25 22:10:41,Ronwood,357,678,0.4735,,Short-term,
2025-09-25 22:10:41,Toka Puia,306,420,0.2714,,Short-term,
2025-09-25 22:10:41,Victoria Street,379,895,0.5765,,Short-term,
2025-09-25 23:11:41,Civic,490,928,0.472,,Short-term,
2025-09-25 23:11:41,Downtown,613,1944,0.6847,,Short-term,
2025-09-25 23:11:41,Ronwood,355,678,0.4764,,Short-term,
2025-09-25 23:11:41,Toka Puia,311,420,0.2595,,Short-term,
2025-09-25 23:11:41,Victoria Street,315,895,0.648,,Short-term,
2025-09-26 00:59:21,Civic,405,928,0.5636,,Short-term,
2025-09-26 00:59:21,Downtown,485,1944,0.7505,,Short-term,
2025-09-26 00:59:21,Ronwood,359,678,0.4705,,Short-term,
2025-09-26 00:59:21,Toka Puia,307,420,0.269,,Short-term,
2025-09-26 00:59:21,Victoria Street,223,895,0.7508,,Short-term,
2025-09-26 02:23:40,Civic,375,928,0.5959,,Short-term,
2025-09-26 02:23:40,Downtown,567,1944,0.7083,,Short-term,
2025-09-26 02:23:40,Ronwood,356,678,0.4749,,Short-term,
2025-09-26 02:23:40,Toka Puia,312,420,0.2571,,Short-term,
2025-09-26 02:23:40,Victoria Street,285,895,0.6816,,Short-term,
2025-09-26 03:28:20,Civic,419,928,0.5485,,Short-term,
2025-09-26 03:28:20,Downtown,698,1944,0.6409,,Short-term,
2025-09-26 03:28:20,Ronwood,363,678,0.4646,,Short-term,
2025-09-26 03:28:20,Toka Puia,322,420,0.2333,,Short-term,
2025-09-26 03:28:20,Victoria Street,349,895,0.6101,,Short-term,
2025-09-26 04:15:40,Civic,462,928,0.5022,,Short-term,
2025-09-26 04:15:40,Downtown,787,1944,0.5952,,Short-term,
2025-09-26 04:15:40,Ronwood,392,678,0.4218,,Short-term,
2025-09-26 04:15:40,Toka Puia,335,420,0.2024,,Short-term,
2025-09-26 04:15:40,Victoria Street,392,895,0.562,,Short-term,
2025-09-26 05:12:59,Civic,534,928,0.4246,,Short-term,
2025-09-26 05:12:59,Downtown,825,1944,0.5756,,Short-term,
2025-09-26 05:12:59,Ronwood,462,678,0.3186,,Short-term,
2025-09-26 05:12:59,Toka Puia,365,420,0.131,,Short-term,
2025-09-26 05:12:59,Victoria Street,443,895,0.505,,Short-term,
2025-09-26 06:19:47,Civic,449,928,0.5162,,Short-term,
2025-09-26 06:19:47,Downtown,835,1944,0.5705,,Short-term,
2025-09-26 06:19:47,Ronwood,507,678,0.2522,,Short-term,
2025-09-26 06:19:47,Toka Puia,379,420,0.0976,,Short-term,
2025-09-26 06:19:47,Victoria Street,402,895,0.5508,,Short-term,
2025-09-26 07:13:16,Civic,363,928,0.6088,,Short-term,
2025-09-26 07:13:16,Downtown,766,1944,0.606,,Short-term,
2025-09-26 07:13:16,Ronwood,521,678,0.2316,,Short-term,
2025-09-26 07:13:16,Toka Puia,384,420,0.0857,,Short-term,
2025-09-26 07:13:16,Victoria Street,530,895,0.4078,,Short-term,
2025-09-26 08:19:21,Civic,337,928,0.6369,,Short-term,
2025-09-26 08:19:21,Downtown,791,1944,0.5931,,Short-term,
2025-09-26 08:19:21,Ronwood,521,678,0.2316,,Short-term,
2025-09-26 08:19:21,Toka Puia,390,420,0.0714,,Short-term,
2025-09-26 08:19:21,Victoria Street,523,895,0.4156,,Short-term,
2025-09-26 09:14:29,Civic,359,928,0.6131,,Short-term,
2025-09-26 09:14:29,Downtown,887,1944,0.5437,,Short-term,
2025-09-26 09:14:29,Ronwood,522,678,0.2301,,Short-term,
2025-09-26 09:14:29,Toka Puia,390,420,0.0714,,Short-term,
2025-09-26 09:14:29,Victoria Street,571,895,0.362,,Short-term,
2025-09-26 10:13:47,Civic,507,928,0.4537,,Short-term,
2025-09-26 10:13:47,Downtown,972,1944,0.5,,Short-term,
2025-09-26 10:13:47,Ronwood,522,678,0.2301,,Short-term,
2025-09-26 10:13:47,Toka Puia,395,420,0.0595,,Short-term,
2025-09-26 10:13:47,Victoria Street,675,895,0.2458,,Short-term,
2025-09-26 11:11:04,Civic,614,928,0.3384,,Short-term,
2025-09-26 11:11:04,Downtown,1059,1944,0.4552,,Short-term,
2025-09-26 11:11:04,Ronwood,522,678,0.2301,,Short-term,
2025-09-26 11:11:04,Toka Puia,395,420,0.0595,,Short-term,
2025-09-26 11:11:04,Victoria Street,731,895,0.1832,,Short-term,
2025-09-26 12:25:59,Civic,728,928,0.2155,,Short-term,
2025-09-26 12:25:59,Downtown,1132,1944,0.4177,,Short-term,
2025-09-26 12:25:59,Ronwood,522,678,0.2301,,Short-term,
2025-09-26 12:25:59,Toka Puia,395,420,0.0595,,Short-term,
2025-09-26 12:25:59,Victoria Street,795,895,0.1117,,Short-term,
2025-09-26 13:22:40,Civic,735,928,0.208,,Short-term,
2025-09-26 13:22:40,Downtown,1160,1944,0.4033,,Short-term,
2025-09-26 13:22:40,Ronwood,522,678,0.2301,,Short-term,
2025-09-26 13:22:40,Toka Puia,395,420,0.0595,,Short-term,
2025-09-26 13:22:40,Victoria Street,795,895,0.1117,,Short-term,
2025-09-26 14:12:16,Civic,735,928,0.208,,Short-term,
2025-09-26 14:12:16,Downtown,1192,1944,0.3868,,Short-term,
2025-09-26 14:12:16,Ronwood,522,678,0.2301,,Short-term,
2025-09-26 14:12:16,Toka Puia,395,420,0.0595,,Short-term,
2025-09-26 14:12:16,Victoria Street,795,895,0.1117,,Short-term,
2025-09-26 15:13:55,Civic,736,928,0.2069,,Short-term,
2025-09-26 15:13:55,Downtown,1210,1944,0.3776,,Short-term,
2025-09-26 15:13:55,Ronwood,522,678,0.2301,,Short-term,
2025-09-26 15:13:55,Toka Puia,395,420,0.0595,,Short-term,
2025-09-26 15:13:55,Victoria Street,795,895,0.1117,,Short-term,
2025-09-26 16:15:48,Civic,736,928,0.2069,,Short-term,
2025-09-26 16:15:48,Downtown,1232,1944,0.3663,,Short-term,
2025-09-26 16:15:48,Ronwood,522,678,0.2301,,Short-term,
2025-09-26 16:15:48,Toka Puia,395,420,0.0595,,Short-term,
2025-09-26 16:15:48,Victoria Street,795,895,0.1117,,Short-term,
2025-09-26 17:11:30,Civic,736,928,0.2069,,Short-term,
2025-09-26 17:11:30,Downtown,1239,1944,0.3627,,Short-term,
2025-09-26 17:11:30,Ronwood,522,678,0.2301,,Short-term,
2025-09-26 17:11:30,Toka Puia,395,420,0.0595,,Short-term,
2025-09-26 17:11:30,Victoria Street,795,895,0.1117,,Short-term,
2025-09-26 18:16:47,Civic,732,928,0.2112,,Short-term,
2025-09-26 18:16:47,Downtown,1232,1944,0.3663,,Short-term,
2025-09-26 18:16:47,Ronwood,522,678,0.2301,,Short-term,
2025-09-26 18:16:47,Toka Puia,395,420,0.0595,,Short-term,
2025-09-26 18:16:47,Victoria Street,795,895,0.1117,,Short-term,
2025-09-26 19:10:05,Civic,731,928,0.2123,,Short-term,
2025-09-26 19:10:05,Downtown,1196,1944,0.3848,,Short-term,
2025-09-26 19:10:05,Ronwood,522,678,0.2301,,Short-term,
2025-09-26 19:10:05,Toka Puia,393,420,0.0643,,Short-term,
2025-09-26 19:10:05,Victoria Street,788,895,0.1196,,Short-term,
2025-09-26 20:13:54,Civic,722,928,0.222,,Short-term,
2025-09-26 20:13:54,Downtown,1158,1944,0.4043,,Short-term,
2025-09-26 20:13:54,Ronwood,521,678,0.2316,,Short-term,
2025-09-26 20:13:54,Toka Puia,374,420,0.1095,,Short-term,
2025-09-26 20:13:54,Victoria Street,767,895,0.143,,Short-term,
